{
  "id": "sifrp",
  "title": "A Song of Ice and Fire RPG (Unofficial)",
  "description": "An unofficial system implementation for of A Song of Ice and Fire Roleplaying game by Green Ronin Publishing. Based on the Boilerplate System by Asacolips.",
  "authors": [
    {
      "name": "Lesti",
      "discord": ".lestival"
    }
  ],
    "documentTypes": {
    "Actor": {
        "character": {
            "htmlFields": ["biography"]
        },
        "npc": {
            "htmlFields": ["biography"]
        }
    },
    "Item": {
        "gear": {
            "htmlFields": ["description"]
        },
        "weapon": {
            "htmlFields": ["description"]
        },
        "mount": {
            "htmlFields": ["description"]
        }
    }
  },
  "flags": {
    "hotReload": {
      "extensions": ["css", "html", "hbs", "json"],
      "paths": ["css", "lang", "templates"]
    }
  },
  "url": "https://github.com/lestival816/foundry-vtt-sifrp",
  "license": "LICENSE.txt",
  "readme": "README.md",
  "bugs": "https://github.com/lestival816/foundry-vtt-sifrp/issues",
  "changelog": "CHANGELOG.md",
  "media": [
    {
      "type": "setup",
      "url": "systems/sifrp/assets/iron-throne-logo.png",
      "thumbnail": "systems/sifrp/assets/iron-throne-logo.png"
    }
  ],
  "version": "0.1.2",
  "compatibility": {
    "minimum": "13.351",
    "verified": "13.351"
  },
  "esmodules": ["module/sifrp.mjs"],
  "styles": ["css/sifrp.css"],
  "languages": [
    {
      "lang": "en",
      "name": "English",
      "path": "lang/en.json"
    },
    {
      "lang": "fr",
      "name": "French",
      "path": "lang/fr.json"
    }
  ],
  "packs": [],
  "packFolders": [],
  "socket": false,
  "manifest": "https://raw.githubusercontent.com/lestival816/foundry-vtt-sifrp/main/system.json",
  "download": "https://github.com/lestival816/foundry-vtt-sifrp/releases/download/v0.1.2/sifrp.zip",
  "background": "systems/sifrp/assets/iron-throne-logo.png",
  "grid": {
    "type": 1,
    "distance": 5,
    "units": "m",
    "diagonals": 0
  },
  "primaryTokenAttribute": "health",
  "secondaryTokenAttribute": "composure"
}
